AlgoritmoTabla,Position,Fitness,Time,Evals
Random,12,11.3,1.30754,10000
Greedy,1,13.9,0.00177551,10
BL,3,12.35,0.221869,10000
Mejor Práctica 2,5,12.1,1.05217,30330
BMB,11,11.3,0.158306,1010
ILS,13,11.15,0.145569,1001
ES,9,11.55,0.00357086,262
ILS-ES,17,11.0,0.0053011,378
GRASP-NOBL,2,13.6,0.0239758,10
GRASP-SIBL,14,11.15,0.157883,1000
